{"NGC0055": {"objname": "NGC0055", "ra": 3.7233674999999997, "dec": -39.1965824, "semi_major": 0.37317282736474505, "semi_minor": 0.0380986873703498, "pa": 102.62}, "NGC0253": {"objname": "NGC0253", "ra": 11.887966500000001, "dec": -25.2884419, "semi_major": 0.2902432351887284, "semi_minor": 0.049632037727407784, "pa": 52.48}, "NGC0300": {"objname": "NGC0300", "ra": 13.723024500000001, "dec": -37.6844766, "semi_major": 0.24261073469909716, "semi_minor": 0.16327136101648013, "pa": 113.23}, "IC1613": {"objname": "IC1613", "ra": 16.199166, "dec": 2.1177314, "semi_major": 0.15269286853093428, "semi_minor": 0.1428297756257021, "pa": 50}}